Student ID,Distance Z-score,Distance Min-Max Scaled,Score,Maximum,Score / Maximum %
s1041b5c9,0.7624570353912185,0.34860528569487587,51.0,200,0.255
s1052bd77,0.21452594693711263,0.29226359041526156,13.0,81,0.16049382716049382
s106e6058,-0.05596745671257676,0.1667134774224678,122.0,164,0.7439024390243902
s116f876e,-0.20022605123508075,0.1571999597762943,263.0,299,0.8795986622073578
s1187ca0f,1.748973846695088,0.4209509759953937,0.0,50,0.0
s121e58a1,-0.2268825692848753,0.14385555523695737,299.0,299,1.0
s125ba958,0.6863812040731089,0.35009499780097963,215.0,224,0.9598214285714286
s126cf4ce,-0.16346577512378743,0.1569019990724062,274.0,294,0.9319727891156463
s128685a7,-0.02369679812353606,0.18084214506303103,247.0,299,0.8260869565217391
s12bfba84,0.049764513365996695,0.18808921716139707,282.0,299,0.9431438127090301
s1357ef63,-0.11001064082915869,0.16311428829474522,130.0,167,0.7784431137724551
s13fb59e7,0.06363775089281988,0.17344506551000458,208.0,219,0.9497716894977168
s142d2a0c,-0.5052112705779465,0.08590236013130272,234.0,275,0.850909090909091
s142f3cd,-0.033407736074317254,0.16053309307793803,254.0,264,0.9621212121212122
s14309695,0.37807655757071656,0.26023627954531287,326.0,425,0.7670588235294118
s1436d556,0.027227930261239822,0.1817787387267838,294.0,299,0.9832775919732442
s14dac1e7,-0.3580921563410828,0.10758959640729644,272.0,294,0.9251700680272109
s14ed46fd,-0.4696103988782752,0.08672014741764067,141.0,174,0.8103448275862069
s151f8e85,0.5408859688792507,0.27144408055980074,25.0,65,0.38461538461538464
s15791c4c,-0.16085474714044376,0.1503771338944056,294.0,304,0.9671052631578947
s159c1ea3,-0.26126332863209073,0.13884716978474093,166.0,239,0.694560669456067
s15de0feb,0.3465804589095388,0.2506246470916085,195.0,279,0.6989247311827957
s1741e79,1.3820995644561642,0.295385725040457,0.0,20,0.0
s174a2e92,-0.3840816386917126,0.11159042087189486,290.0,299,0.9698996655518395
s17b7ccd2,-0.2165729050389774,0.13557527406351072,256.0,289,0.8858131487889274
s17ba9ad5,-0.36904160071281894,0.11775882623717326,207.0,289,0.7162629757785467
s18f414c5,2.3654237632399004,0.6232438091124094,29.0,140,0.20714285714285716
s19184a3e,-0.5827756349105758,0.07702536241996286,20.0,20,1.0
s194a342e,-0.5053236979458652,0.08592775158090346,292.0,299,0.9765886287625418
s19d0bc34,-0.40952370701550633,0.09427599800758087,215.0,249,0.8634538152610441
s19d0f25,0.3308563554878252,0.24903836693132922,136.0,219,0.6210045662100456
s1a2bc1e2,-0.3483197849670362,0.11404982790473374,260.0,294,0.8843537414965986
s1a3b7cd7,1.056037413902925,0.3921274676581773,73.0,105,0.6952380952380952
s1a54a266,-0.2759388557812629,0.13063256961062875,261.0,279,0.9354838709677419
s1a5b5006,0.8082195128823697,0.4996621621621622,0.0,10,0.0
s1a748834,0.10324281442422571,0.20689409535211922,139.0,159,0.8742138364779874
s1b112c16,-0.27979513620061197,0.1349791480565937,259.0,274,0.9452554744525548
s1b50ba0f,0.08227413635372519,0.19216082243347504,210.0,224,0.9375
s1b801c67,0.24335190514382937,0.2367148215175447,31.0,149,0.2080536912751678
s1b98fd4e,-0.2377166271754459,0.1386521301370045,135.0,262,0.5152671755725191
s1baeda84,-0.02833991250232455,0.18437478790646597,165.0,289,0.5709342560553633
s1bf91bb0,0.16578183060231103,0.2156717604945964,229.0,264,0.8674242424242424
s1c72596e,-0.015753781781754198,0.17477643349811312,290.0,304,0.9539473684210527
s1cedb8ee,-0.3344078108400397,0.1257025525884518,278.0,294,0.9455782312925171
s1d182ad5,-0.12745677852107928,0.17847573328086289,216.0,259,0.833976833976834
s1ddb3f19,1.6199522834031492,0.527655816531177,294.0,304,0.9671052631578947
s1ddfd095,-0.422328439132903,0.09401237817352426,283.0,294,0.9625850340136054
s1e4e2c4e,-0.31361142594072583,0.136151921658984,263.0,294,0.8945578231292517
s1e7f0914,-0.5017218736121158,0.08930055083987952,233.0,284,0.8204225352112676
s20087adb,1.398905130742436,0.4871453757639814,184.0,249,0.7389558232931727
s204527a1,0.34479104180305703,0.21747858236934128,153.0,209,0.7320574162679426
s2087a438,0.22814802951214294,0.21559358393351938,223.0,244,0.9139344262295082
s20bc958,-0.058983881878011186,0.16677923788218948,296.0,304,0.9736842105263158
s20d500d1,1.0205501023820815,0.40408364815155245,92.0,220,0.41818181818181815
s20dcd5d,0.14926950480281084,0.21380550264113093,166.0,247,0.6720647773279352
s20ffbd50,0.15118985712335542,0.21700810126123607,298.0,299,0.9966555183946488
s2119809,-0.0537548773673392,0.1297440982257758,0.0,10,0.0
s212a6584,1.6616124954835656,0.6436028694682789,0.0,15,0.0
s21ca2c85,-0.024030110186682087,0.1725924725923055,142.0,232,0.6120689655172413
s21f8d764,0.38719764232172144,0.29938443916905777,101.0,184,0.5489130434782609
s22236310,0.13342088791816806,0.20154766077421007,65.0,104,0.625
s222a409d,0.2555738976421686,0.2202061645134011,224.0,274,0.8175182481751825
s225ff55b,-0.4831857263332041,0.09353681127168222,49.0,104,0.47115384615384615
s22885fe6,-0.31492838039818744,0.131623787418328,285.0,299,0.9531772575250836
s23006e34,0.39124004126871254,0.28426301827389344,100.0,168,0.5952380952380952
s2301c49a,0.32444044361060215,0.29822882878417967,29.0,64,0.453125
s23028753,-0.2221054988620379,0.15016090405462565,232.0,239,0.9707112970711297
s2304e4d8,0.5914421807144561,0.319280018345894,259.0,498,0.5200803212851406
s23411183,-0.36485460411215676,0.11310195795443162,239.0,264,0.9053030303030303
s23693dd7,0.35740611727137456,0.25546068481354356,112.0,201,0.5572139303482587
s23ce8788,-0.3680217890144925,0.10162882108849873,250.0,299,0.8361204013377926
s240f5757,-0.042291523862726915,0.18868086672429288,133.0,248,0.5362903225806451
s24722562,0.8381697044013495,0.3639282662473728,270.0,294,0.9183673469387755
s249f89d0,-0.0577972422717667,0.18357647875582583,189.0,254,0.7440944881889764
s2566bd69,0.04233120734898275,0.19281659838287704,283.0,299,0.9464882943143813
s25964280,-0.006474866792515188,0.17669036346436032,236.0,299,0.7892976588628763
s25e5a71,-0.5605954213982424,0.08345160616758115,244.0,304,0.8026315789473685
s26140705,0.47078165615596673,0.27557583896748844,20.0,122,0.16393442622950818
s26cf9c17,-0.5137205159393013,0.08808476434112211,217.0,279,0.7777777777777778
s26e33d58,0.08091209274679459,0.20975076486096983,275.0,299,0.919732441471572
s2752b03e,-0.49554314201601146,0.09810672644325039,254.0,272,0.9338235294117647
s27cbdbca,-0.2668114131968989,0.13922908842831505,179.0,219,0.817351598173516
s28751b61,-0.3055976801880409,0.12155972749173799,80.0,164,0.4878048780487805
s28f0c24a,-0.1165886702177896,0.2168010346848392,45.0,58,0.7758620689655172
s294ae531,0.4673731045134707,0.2766134147470229,177.0,212,0.8349056603773585
s29a20ed0,0.5132706411731373,0.3191321976529767,15.0,51,0.29411764705882354
s29cd7f2a,-0.25610648206768816,0.1450971159613537,98.0,144,0.6805555555555556
s29e02a9c,-0.07236818215022753,0.1739589041151591,295.0,299,0.9866220735785953
s2a87dd94,0.159642660810124,0.20412567647585436,281.0,299,0.939799331103679
s2aa2578a,-0.5335658764920305,0.0855146612447653,290.0,299,0.9698996655518395
s2abcd7fd,-0.38854881665251784,0.10894350232364654,144.0,209,0.6889952153110048
s2b0aadbb,0.5831205492371593,0.31934239088973493,0.0,20,0.0
s2b0b7847,-0.08989521223421672,0.16034453173965624,212.0,229,0.925764192139738
s2b17538b,-0.290045041093236,0.11464967916546112,255.0,284,0.897887323943662
s2b474606,-0.25984671856688013,0.12588653693974766,182.0,244,0.7459016393442623
s2b75f478,-0.4259916884376249,0.11118730708097073,142.0,189,0.7513227513227513
s2b8ac9db,-0.030852175685283163,0.18084105941568018,168.0,194,0.865979381443299
s2ba2db31,-0.42013097821115725,0.10410600644495993,295.0,299,0.9866220735785953
s2c243bc7,0.17247043629509037,0.2431694482545398,128.0,234,0.5470085470085471
s2c859d3d,0.5364481638320248,0.31209648672870777,131.0,218,0.6009174311926605
s2ce5336d,-0.21720186045466533,0.14228141473583197,194.0,243,0.7983539094650206
s2d43f936,1.5091484084830087,0.49534120406144727,211.0,258,0.8178294573643411
s2e18b447,-0.44784742140095124,0.10109573042277949,244.0,269,0.9070631970260223
s2e3c4216,-0.6321539935667613,0.07253227017887279,235.0,274,0.8576642335766423
s2e6eb06b,-0.12136019564616014,0.1659007275276447,273.0,299,0.9130434782608695
s2e8bb09,-0.35217583958852217,0.1125008432293475,242.0,284,0.852112676056338
s2e9024f9,1.6140115626243605,0.5179421785721525,231.0,284,0.8133802816901409
s2f016d92,-0.07100408755986504,0.15657959237813296,266.0,304,0.875
s2f18be67,-0.27754108137668343,0.12141369365746355,140.0,204,0.6862745098039216
s2f5dab1d,-0.11386364937685231,0.15007370030999403,280.0,284,0.9859154929577465
s2f75c1e0,-0.3338708817044759,0.13023350925814528,194.0,233,0.8326180257510729
s3005302d,1.0326894597329115,0.42936970752524456,142.0,229,0.6200873362445415
s300721cc,-0.3190105358885557,0.12487437971715222,99.0,99,1.0
s3025760f,1.4498544845369226,0.325897920604915,0.0,10,0.0
s3108ec56,-0.4463303547592253,0.09984391723193735,295.0,299,0.9866220735785953
s310ea7c2,-0.4282417882003166,0.09971647496427678,283.0,299,0.9464882943143813
s31915baa,-0.5053928262941734,0.09283986376614838,265.0,284,0.9330985915492958
s322c45ca,-0.5438618498532712,0.07738589853535423,279.0,289,0.9653979238754326
s32763c8a,-0.3005432509157282,0.11590917843408953,280.0,294,0.9523809523809523
s329d2740,-0.45066310787556346,0.09582797448369647,251.0,293,0.856655290102389
s32c1f658,0.104672830120016,0.1115473673613208,0.0,10,0.0
s32d1794b,-0.016726052386972824,0.17013811814617266,215.0,238,0.9033613445378151
s32d4e07d,0.6155891551408331,0.3246051823828951,58.0,177,0.327683615819209
s333bcfd1,-0.4290838834799017,0.09249370444136872,227.0,234,0.9700854700854701
s3354fe5c,0.09832863785185264,0.19763000437656342,52.0,129,0.40310077519379844
s338167e5,0.23071248861419114,0.2606879801972016,297.0,304,0.9769736842105263
s33e52cac,-0.33179946402120847,0.1117140641170046,2.0,20,0.1
s34010ab4,-0.017051513645259975,0.20825266728857963,154.0,249,0.6184738955823293
s34533ae2,-0.24159330653336444,0.14148670003825362,194.0,218,0.8899082568807339
s346ad97f,-0.073898629961771,0.17237381479619937,248.0,274,0.9051094890510949
s3471ac9e,-0.429319363070095,0.10429600211233743,213.0,269,0.79182156133829
s34933df8,0.3827069163018555,0.2712641794150371,192.0,258,0.7441860465116279
s34ad6a72,-0.4057419226408217,0.10754671795259792,88.0,159,0.5534591194968553
s34b3a29b,0.26266998226917715,0.21833394947207768,15.0,62,0.24193548387096775
s353a060b,-0.4259444822002602,0.09538813744572772,232.0,244,0.9508196721311475
s35a335c5,0.33285763051357214,0.2549254699745934,116.0,217,0.5345622119815668
s3639497a,-0.12729279431348395,0.16108505607941467,179.0,226,0.7920353982300885
s368db2d0,-0.3409940545887498,0.12166729844686404,117.0,199,0.5879396984924623
s3750440f,-0.24580243920587022,0.1296930370869982,178.0,249,0.714859437751004
s379ab0e,-0.16492263963703388,0.15887619506823897,184.0,234,0.7863247863247863
s37da858b,-0.26738213170563957,0.12674449909986457,292.0,299,0.9765886287625418
s382917a8,-0.21554092200883287,0.14462202750698416,285.0,309,0.9223300970873787
s388c0ca1,-0.25850359900128855,0.12975570275578516,183.0,209,0.8755980861244019
s38b2fae3,-0.36927308453246754,0.11243245404338952,299.0,299,1.0
s39400242,0.04763048532790898,0.19935628653375767,152.0,214,0.7102803738317757
s39985ef0,1.473433803362903,0.4907103461558522,132.0,228,0.5789473684210527
s39c1e811,0.01362547710387939,0.18685191733813156,251.0,294,0.8537414965986394
s39c4c2fd,0.04084597850945409,0.17623706206420156,275.0,284,0.9683098591549296
s39c9af61,-0.5699874414348476,0.08593194774172001,301.0,304,0.9901315789473685
s39f741b9,-0.37475331299319453,0.10419263380396813,284.0,289,0.9826989619377162
s3ad23591,-0.33043198512330557,0.13319331147935373,106.0,168,0.6309523809523809
s3b1ed1f,0.5044880232340528,0.2743299652709007,60.0,86,0.6976744186046512
s3b3bf8f0,-0.4052277921760401,0.1082145656401095,113.0,131,0.8625954198473282
s3ba286ba,0.5855232820664422,0.3531857774243433,11.0,58,0.1896551724137931
s3bab2a30,0.18180213170116263,0.21846390213140082,100.0,192,0.5208333333333334
s3c7eafc1,0.1781372227735485,0.12716325598702843,5.0,40,0.125
s3c951a89,-0.31549955155026915,0.12321605490472752,168.0,229,0.7336244541484717
s3cd49ef7,-0.14218994350592506,0.1708738205250078,142.0,214,0.6635514018691588
s3d13cc7,-0.39848932383843644,0.09831184146577417,156.0,164,0.9512195121951219
s3dd4ab10,-0.12810802278694386,0.15033451055162567,160.0,229,0.6986899563318777
s3e5e03a7,0.43163366385328195,0.26061557478326725,299.0,299,1.0
s3ee641f5,0.07714813328120729,0.18439403952248126,28.0,91,0.3076923076923077
s3ef19002,-0.5131864939490276,0.10132867895544585,264.0,264,1.0
s3fa7a4aa,0.027705795124734225,0.17119979089208903,234.0,354,0.6610169491525424
s3fc42e37,-0.16562356963240757,0.1557646249849569,284.0,294,0.9659863945578231
s3fe3445,0.7469119464453468,0.32343277715605356,293.0,299,0.979933110367893
s401b611e,-0.09683408748968063,0.1820239074919713,278.0,299,0.9297658862876255
s404910ae,0.9441314425312133,0.3930567479888726,254.0,299,0.8494983277591973
s4058dd8b,0.016731543127929887,0.18555138421738027,139.0,154,0.9025974025974026
s40c38eb3,-0.44231659429108416,0.09642268546359235,236.0,269,0.8773234200743495
s41006e6b,0.20052261573473537,0.2090874991944938,248.0,264,0.9393939393939394
s413e2b5b,-0.18513867213913432,0.14858673728133873,165.0,219,0.7534246575342466
s4159c4a6,-0.4811013898390739,0.0938501807224014,220.0,239,0.9205020920502092
s418f3a87,-0.30941303635138534,0.1404636470197878,224.0,279,0.8028673835125448
s42a66842,-0.05348253354412471,0.17292049586521502,222.0,268,0.8283582089552238
s42eea8e,1.1776427120851054,0.4474760194605675,14.0,144,0.09722222222222222
s4301681f,0.02606864770993859,0.18670463412775032,41.0,67,0.6119402985074627
s43f101ac,-0.4501047164057618,0.08092537384849495,259.0,264,0.9810606060606061
s4403284,-0.4544165979500263,0.10308947920496253,165.0,237,0.6962025316455697
s44273ab3,0.06756993879532937,0.2110966364894561,114.0,174,0.6551724137931034
s444ca0b5,0.2476013772180745,0.22004271975946416,91.0,119,0.7647058823529411
s44abb885,-0.03516466074282503,0.1631134381907481,284.0,299,0.9498327759197325
s454b8db3,-0.2586203657387825,0.1443931032205682,106.0,157,0.6751592356687898
s457e605f,-0.21314346258103464,0.12531976541884363,108.0,182,0.5934065934065934
s45888ffd,1.1246020299980555,0.43776537156105505,36.0,88,0.4090909090909091
s4619ae15,-0.5731453101535482,0.06777857879048418,272.0,299,0.9096989966555183
s47956582,0.5765862324017265,0.3077087991541048,125.0,214,0.5841121495327103
s479f5e93,1.4027241807820516,0.48537856971869614,233.0,249,0.9357429718875502
s4925b25e,-0.6291215117355263,0.0644883173993987,194.0,249,0.7791164658634538
s498d6435,-0.28196821801204214,0.14615589532582424,257.0,274,0.9379562043795621
s49930f1b,1.3770484898351527,0.3170132325141776,0.0,10,0.0
s49d3d99a,0.6007387479090711,0.24605534672330168,119.0,139,0.8561151079136691
s4a3db928,-0.2974565460133163,0.13592779742417932,267.0,304,0.8782894736842105
s4a5a711b,-0.3274234251014512,0.11833534509651615,205.0,274,0.7481751824817519
s4a68c6a8,-0.43787807601541007,0.11032164888058435,335.0,426,0.7863849765258216
s4a9a7d71,0.42516085481692373,0.2679248372719028,46.0,88,0.5227272727272727
s4b3fd7b9,0.7330861396694074,0.36200852324958066,14.0,131,0.10687022900763359
s4b48a0cc,0.008759557135568646,0.19005944771312594,92.0,204,0.45098039215686275
s4b9362f,0.4573629537894909,0.24979463191915535,51.0,69,0.7391304347826086
s4ba65dc7,-0.3056698621082426,0.10837155516139219,188.0,224,0.8392857142857143
s4bb8a2dd,-0.39973501052075555,0.1019988143002265,248.0,249,0.9959839357429718
s4bdda01,-0.5078672797331361,0.08330739415179535,276.0,304,0.9078947368421053
s4c110cdc,-0.048162152067681284,0.16224119011390523,131.0,204,0.6421568627450981
s4c39e297,-0.4250247461696612,0.10093812448466565,67.0,84,0.7976190476190477
s4c659f13,0.2527799175304999,0.22344875731506594,225.0,234,0.9615384615384616
s4c6ed333,-0.3063531903730541,0.12609235919349682,252.0,284,0.8873239436619719
s4cbfc907,0.9366457578072847,0.3904490691448656,274.0,279,0.982078853046595
s4cc87cec,-0.24288213644796414,0.15213878535989098,296.0,299,0.9899665551839465
s4cd8df2d,-0.6012220159199786,0.07020590415833255,271.0,294,0.9217687074829932
s4d064221,0.5028104631633155,0.29441232794323713,272.0,304,0.8947368421052632
s4d54f2ae,0.026959322368965987,0.18989321004966025,104.0,169,0.6153846153846154
s4d8e5d63,-0.04260575978159072,0.15780109973895928,139.0,159,0.8742138364779874
s4da9fe0,-0.4455605807082076,0.09668277106108909,291.0,304,0.9572368421052632
s4e276bbf,-0.22247701159785066,0.1673574660633484,20.0,20,1.0
s4e55e93c,-0.42855135820352175,0.09913276658587436,286.0,294,0.9727891156462585
s4e63aacb,-0.01641623011504934,0.19832907670503916,225.0,283,0.7950530035335689
s4e71d843,-0.5663644987241683,0.07141659318988257,235.0,239,0.9832635983263598
s4e76ce0,-0.3187591976023159,0.13200178839590024,263.0,289,0.9100346020761245
s4e8cbfa8,1.0786112409666904,0.43281294745549537,33.0,79,0.4177215189873418
s4e8f09db,-0.013948466680599823,0.17834167233696646,247.0,259,0.9536679536679536
s4e9c9183,0.09497950066127878,0.19843676658422124,202.0,254,0.7952755905511811
s4ec0b691,-0.07290688015493237,0.1847966103391512,262.0,279,0.9390681003584229
s4ef708e,0.3399082032611523,0.27173886768249156,165.0,249,0.6626506024096386
s4efdc81e,0.7521402810498676,0.3466121295696957,298.0,299,0.9966555183946488
s4f0c4681,-0.21748156811194524,0.15776520054746598,252.0,279,0.9032258064516129
s4f6cd15,0.27634425254811784,0.2335673253033288,213.0,243,0.8765432098765432
s507dbb44,-0.16091562112521818,0.1437636476537742,113.0,209,0.5406698564593302
s50ba242a,-0.2811574334394363,0.14498633526840846,172.0,219,0.7853881278538812
s50bd5800,0.03756069888903116,0.19168491153428316,234.0,259,0.9034749034749034
s50c2278a,-0.16020128009296053,0.13759511441535968,133.0,152,0.875
s516d172d,1.7660847776336648,0.3644882527680259,0.0,10,0.0
s51e80f02,2.1088095218192575,0.4281160829169841,37.0,55,0.6727272727272727
s52193ab6,-0.2518363721830023,0.11647384815592271,251.0,259,0.9691119691119691
s5220229a,-0.46389379326258123,0.09449677191588926,215.0,259,0.8301158301158301
s522d7ff4,-0.06680923855758605,0.17435111154799288,208.0,234,0.8888888888888888
s52523cdd,0.6726321102109225,0.35566648478289076,19.0,59,0.3220338983050847
s52554dbd,0.27622170751500763,0.24509110881560311,258.0,285,0.9052631578947369
s52825cfa,-0.39253156495880004,0.10589343647865823,272.0,274,0.9927007299270073
s529b3014,0.09113202630442684,0.20030878205488303,42.0,89,0.47191011235955055
s53081fc8,-0.5233360277021207,0.0831453474862648,47.0,72,0.6527777777777778
s531f7e80,-0.09544861592567422,0.15863997929119938,155.0,219,0.7077625570776256
s5355ed74,-0.21711610721870342,0.13573114555958607,167.0,204,0.8186274509803921
s53686ea8,-0.2452227737501881,0.1000233357950657,162.0,204,0.7941176470588235
s5408771,-0.08427113783592803,0.16898650417480235,271.0,299,0.9063545150501672
s5437733f,1.5556927008120975,0.5320825499970767,4.0,78,0.05128205128205128
s550e55c9,1.2975589472982767,0.5043807955039339,9.0,113,0.07964601769911504
s551e6d25,-0.4156304045304937,0.10518904274453138,289.0,294,0.9829931972789115
s558af3fe,-0.40480027481943265,0.12961098360605944,112.0,184,0.6086956521739131
s5766e635,-0.24725068393219832,0.14802380256224223,196.0,274,0.7153284671532847
s57cbaf7,-0.46780039704213644,0.09740660352520795,336.0,428,0.7850467289719626
s585f6df2,-0.23568158929989863,0.14800398865951409,277.0,299,0.9264214046822743
s58b729ce,0.018405581062447673,0.2063429077659009,299.0,304,0.9835526315789473
s58be65ff,-0.08177511915499237,0.15408367397839312,251.0,279,0.899641577060932
s5974e5c7,-0.3508688306042234,0.11854264019263892,297.0,299,0.9933110367892977
s59bd115c,0.4243773567003574,0.2517430767707132,80.0,165,0.48484848484848486
s59f9fff2,-0.20865969062697798,0.16503478369908778,232.0,289,0.8027681660899654
s5a2abbfc,-0.31326890021329945,0.12402233898105479,122.0,184,0.6630434782608695
s5a72a25d,-0.4244485125856498,0.09813238272621809,196.0,264,0.7424242424242424
s5a748352,-0.2877414365572655,0.13063699308130894,243.0,294,0.826530612244898
s5a8b22a9,1.6638499320180478,0.4860279952744303,6.0,55,0.10909090909090909
s5acfd8f8,0.04153014842795382,0.17705513314237104,50.0,108,0.46296296296296297
s5b0669a,-0.36640727656400723,0.11165885460880093,88.0,139,0.6330935251798561
s5b712c54,0.08528410739762068,0.18282598374536937,40.0,125,0.32
s5ba4b2ed,0.10688769254076332,0.19503046890204606,203.0,229,0.8864628820960698
s5bab40e1,1.1971805363658243,0.45882128417791607,128.0,169,0.757396449704142
s5c9b4d50,-0.2638481710691817,0.1313433137514987,167.0,234,0.7136752136752137
s5cc254dc,-0.549297822985009,0.08087244920113877,215.0,234,0.9188034188034188
s5ccb70fe,-0.13221610684293375,0.15565231999028237,147.0,297,0.494949494949495
s5cdfa124,-0.056947845508550435,0.17793917785684882,116.0,170,0.6823529411764706
s5cf5d022,-0.2913349108044803,0.12569252104284762,248.0,284,0.8732394366197183
s5cf6046,-0.30194397756298,0.1167054957228563,277.0,299,0.9264214046822743
s5d0cf695,-0.3562208871018742,0.13797843370680818,280.0,304,0.9210526315789473
s5d3e12a3,0.4753926309346495,0.2573336590974728,154.0,209,0.7368421052631579
s5d525bf6,0.20039438647673163,0.20744570907188017,91.0,234,0.3888888888888889
s5dfdd542,-0.4776364840706263,0.10834200929421345,168.0,213,0.7887323943661971
s5e4176cd,-0.3257036876195787,0.12617336745165497,138.0,167,0.8263473053892215
s5e4e44c0,-0.38624918322143104,0.10514057727802198,95.0,169,0.5621301775147929
s5e8ec81e,-0.4864354866069327,0.08633048627432915,268.0,299,0.8963210702341137
s5f21f63f,0.34441808006996516,0.24351585988296492,61.0,105,0.580952380952381
s5f5f3151,1.2384049576930463,0.4571770107636424,215.0,264,0.8143939393939394
s5f72d399,-0.3841252439439863,0.11913943572680732,241.0,284,0.8485915492957746
s5ff93cfe,0.07264718661772995,0.19359555270350542,61.0,130,0.46923076923076923
s600c4e11,0.5072893635086606,0.33182240465301444,0.0,60,0.0
s60129e41,-0.033490762120373455,0.1799352938830012,223.0,289,0.7716262975778547
s6039a1a2,-0.1902095544629685,0.17224455797745178,207.0,269,0.7695167286245354
s60bb29eb,0.02762415721825646,0.17392120187498475,50.0,77,0.6493506493506493
s60d39baa,-0.20481329220371583,0.1604279882594925,284.0,294,0.9659863945578231
s60e6bcac,-0.398589079148555,0.11244463358034182,180.0,219,0.821917808219178
s616ff6df,-0.5511543748320011,0.09377672046440065,232.0,264,0.8787878787878788
s61ed2c3f,0.7877529248961792,0.30612684919926064,0.0,30,0.0
s62165836,-0.30615082389009446,0.1324146865776951,251.0,294,0.8537414965986394
s622290e7,-0.21715442700275583,0.15348337661657843,128.0,207,0.6183574879227053
s6249338e,-0.4407374734262064,0.10133848829626135,269.0,294,0.9149659863945578
s627c2f6b,0.5524170347949818,0.3258851476509118,35.0,102,0.3431372549019608
s628940d7,-0.3876837598647576,0.11616380726593098,288.0,299,0.9632107023411371
s62ae4b57,0.6361726717782481,0.32871675658880156,29.0,104,0.27884615384615385
s62ca65fb,-0.37372107480751365,0.12991004021190866,179.0,238,0.7521008403361344
s639cf10b,-0.4848041675191745,0.07318753272129691,213.0,224,0.9508928571428571
s63b6afaa,-0.44282974962609245,0.0969699091053273,290.0,299,0.9698996655518395
s6467d86c,0.8108917169760423,0.368857108726542,21.0,78,0.2692307692307692
s656a62b1,0.33899105687730763,0.22378606210499602,293.0,299,0.979933110367893
s657b9e81,-0.11264694422190166,0.1675544698380363,233.0,365,0.6383561643835617
s65ec6fce,-0.2652420672133524,0.12278372334449872,265.0,294,0.9013605442176871
s6602b9f9,0.4800444331750819,0.2809645605575854,277.0,279,0.992831541218638
s6609aca1,-0.39673979346567545,0.11382498989235812,294.0,299,0.9832775919732442
s669b97b6,1.917190920344172,0.5825673305210735,0.0,35,0.0
s66a700e9,-0.12882573887605905,0.17321839284744275,54.0,179,0.3016759776536313
s66b8ba90,0.5072873515250936,0.2822282138959527,51.0,128,0.3984375
s672e1b68,-0.11441423791519834,0.17858600824956777,280.0,309,0.9061488673139159
s67445d3c,-0.2684299338546433,0.13983034666099234,191.0,282,0.6773049645390071
s676b500c,-0.5887293900774957,0.06126277451724073,115.0,139,0.8273381294964028
s67ce25b7,-0.4104631815559558,0.09820177069446537,222.0,264,0.8409090909090909
s67ea7337,-0.36952056316246984,0.09611292153184095,196.0,264,0.7424242424242424
s68a2c9b1,-0.0766207662296667,0.13683413785224696,126.0,229,0.5502183406113537
s68d1eeb0,0.25840777864806896,0.23853970810431624,198.0,294,0.673469387755102
s68dd1946,1.1607751902476708,0.4382686012400025,181.0,279,0.6487455197132617
s69297036,0.04266839202944951,0.18434011155188917,55.0,87,0.632183908045977
s69467b60,-0.13185584979081796,0.15932088970045563,214.0,244,0.8770491803278688
s69ce06b5,0.31596880781639847,0.25656020958203185,62.0,75,0.8266666666666667
s6a23510,-0.05879738214488159,0.209993598022347,227.0,244,0.930327868852459
s6a4212f2,0.09563160598266117,0.22520724516863702,189.0,239,0.7907949790794979
s6a975d91,-0.31607475781496525,0.10851581727012383,264.0,289,0.9134948096885813
s6abc5f4f,0.10112926110256025,0.20392415557323648,283.0,299,0.9464882943143813
s6ae082a8,-0.6012248022683941,0.07142198526221352,265.0,294,0.9013605442176871
s6aeea9d9,-0.4470546740471899,0.10608914760749942,225.0,289,0.7785467128027682
s6b0d0ac3,-0.23614742525030027,0.14559272333683212,264.0,289,0.9134948096885813
s6b247ddd,-0.2377629362899424,0.1457865727550946,267.0,373,0.7158176943699732
s6c075e51,-0.2435373299931299,0.14149401369397233,247.0,289,0.8546712802768166
s6d009345,0.8486243320567964,0.35301162353374443,55.0,144,0.3819444444444444
s6d587f26,-0.23608074722885822,0.13591764046589996,195.0,279,0.6989247311827957
s6d63a382,-0.4814063317528174,0.0973489906762051,268.0,299,0.8963210702341137
s6d7d0e6,-0.2047235158667368,0.14788364107622917,202.0,254,0.7952755905511811
s6d8336b0,-0.45900214725217636,0.09565943659389892,162.0,230,0.7043478260869566
s6e533876,-0.33440234568998445,0.10979112963805396,42.0,62,0.6774193548387096
s6e6f30b1,1.1784196968151028,0.40131828577708584,37.0,40,0.925
s6e9f098f,0.040304639170646785,0.17698371948886132,261.0,283,0.9222614840989399
s6f352bb8,-0.5782916246331132,0.08760826938676852,158.0,224,0.7053571428571429
s6f596e71,-0.48301297117277087,0.10684625857403218,202.0,234,0.8632478632478633
s6f927fd6,-0.41403383207572786,0.10077513180277556,229.0,284,0.8063380281690141
s700afdf1,-0.23355191068474657,0.12578721685712826,191.0,247,0.7732793522267206
s70806774,0.9103361249718998,0.3754687743223926,217.0,249,0.8714859437751004
s70ba0748,-0.39449822341498064,0.10436364079088781,232.0,274,0.8467153284671532
s712f9e1a,-0.41856277208519677,0.10936583862688319,289.0,304,0.9506578947368421
s713c2320,-0.5220015664958519,0.07566770807470499,35.0,60,0.5833333333333334
s72b7f21c,0.0788686797077565,0.18571532229015658,150.0,223,0.672645739910314
s7347aba8,-0.5223096551172034,0.08152384095973775,292.0,299,0.9765886287625418
s739bd87a,0.33611148352500997,0.2598573702708112,116.0,195,0.5948717948717949
s73a2e85b,0.7325002288826834,0.3234168986270668,83.0,165,0.503030303030303
s741d4f3f,0.1148365060644594,0.1973888036374627,181.0,229,0.7903930131004366
s74289c02,-0.3123483629251756,0.12390910361316293,233.0,259,0.8996138996138996
s74c257ee,-0.6848145334710539,0.05695235038271762,261.0,264,0.9886363636363636
s75bba8a0,-0.009686310428137042,0.16230500217963245,78.0,117,0.6666666666666666
s75bd23ca,-0.06969790106493433,0.20399638813821214,258.0,294,0.8775510204081632
s76a31982,-0.36847560079115116,0.13022951236679106,215.0,234,0.9188034188034188
s76f9083,-0.14004955163980656,0.16390309824990582,40.0,82,0.4878048780487805
s7752c9db,1.3519279025556428,0.4490975395603555,282.0,299,0.9431438127090301
s7759f3da,-0.43028766534747004,0.09477333972628565,238.0,294,0.8095238095238095
s781102af,1.3204526217412964,0.44935897059442653,67.0,86,0.7790697674418605
s78249b27,-0.7129743448478144,0.04823616153689044,261.0,289,0.903114186851211
s78768cf8,-0.5292389944537621,0.08889782893196742,153.0,178,0.8595505617977528
s78e91ddf,0.8132053965575258,0.3053260490379829,24.0,110,0.21818181818181817
s794c67f4,-0.0049562691850897,0.1791517406474147,25.0,161,0.15527950310559005
s795e253d,-0.3758808148436857,0.12030660873552697,245.0,264,0.928030303030303
s796d1cb8,-0.003939202343169579,0.17658423339271356,158.0,204,0.7745098039215687
s7985305c,-0.25301293820019133,0.13289498547323386,289.0,294,0.9829931972789115
s79c7aa4d,-0.5791815187886299,0.08193612671210643,205.0,243,0.8436213991769548
s7a56e768,-0.3814766520239288,0.11738572757508466,283.0,314,0.9012738853503185
s7af98629,-0.1304387012114436,0.16121910773736955,214.0,269,0.7955390334572491
s7b3f90ca,1.30789946989323,0.4711761293936186,260.0,274,0.948905109489051
s7b58139d,-0.18918642059460491,0.14244855924736416,266.0,299,0.8896321070234113
s7b6237d4,1.1731106782664054,0.45090915501058215,104.0,139,0.7482014388489209
s7b6d0aab,1.0611846315992608,0.38885751579640426,60.0,203,0.2955665024630542
s7c3c3f83,-0.15558838995437058,0.16000435565514337,226.0,264,0.8560606060606061
s7c4611a5,-0.34896161750090327,0.13182482635578036,261.0,299,0.8729096989966555
s7c71a907,-0.3308847936508901,0.11695342134457297,54.0,66,0.8181818181818182
s7c977ad7,-0.2626676292338946,0.13223339857957525,109.0,143,0.7622377622377622
s7ca67490,-0.12697293861316183,0.17068117754382703,208.0,214,0.9719626168224299
s7cafa6c2,-0.11956743884997603,0.15602376452641956,244.0,269,0.9070631970260223
s7cd5fdc4,1.6921805512491372,0.5106753749370195,232.0,254,0.9133858267716536
s7ce75e22,0.02139176065704952,0.20157747535116677,129.0,204,0.6323529411764706
s7d007333,1.4649038707701934,0.4737470445949352,263.0,283,0.9293286219081273
s7d2e50c7,-0.5314523713580782,0.08236285559113846,233.0,239,0.9748953974895398
s7d3cc99f,-0.1990445086814657,0.132031025839392,246.0,269,0.9144981412639405
s7d4558c8,-0.34926056217653495,0.11886986325525808,256.0,284,0.9014084507042254
s7dfeb4bf,1.713304221418063,0.33813735440618004,14.0,20,0.7
s7eddc10c,-0.437393144376475,0.10247898725810124,262.0,289,0.9065743944636678
s7f13747f,0.7914295147297956,0.3586351747359267,207.0,234,0.8846153846153846
s7f832ec7,1.2492149949920435,0.4438663426272341,402.0,577,0.6967071057192374
s7fcdaacc,-0.3882699993722114,0.1075546434041398,279.0,294,0.9489795918367347
s80006489,-0.17230592570640776,0.1504894664954302,144.0,190,0.7578947368421053
s8074771b,-0.4249047940517837,0.11797074958118353,284.0,299,0.9498327759197325
s8078e6cf,-0.08186299107796523,0.170316543131951,192.0,258,0.7441860465116279
s812bc302,1.3208425608642445,0.4507871186751395,14.0,117,0.11965811965811966
s8161ff1f,-0.3178421450472382,0.12716523466843865,235.0,264,0.8901515151515151
s8180e476,-0.5012369482716044,0.09843171485615923,388.0,464,0.8362068965517241
s81b96198,0.24066506291621678,0.21686714795626444,186.0,259,0.7181467181467182
s8237d09c,1.0524319583766086,0.3539899285144001,3.0,30,0.1
s831edf7c,-0.49001706453111327,0.0855830727707584,257.0,289,0.889273356401384
s83b443d6,-0.5505954703853209,0.07755856059388294,236.0,279,0.8458781362007168
s83f0505b,-0.4456496523667413,0.10857643594337288,220.0,239,0.9205020920502092
s84114702,1.5252321477133237,0.4914303616288952,7.0,70,0.1
s84510a3b,-0.33240708272507663,0.13445436592570323,163.0,214,0.7616822429906542
s846ba939,-0.0083774944086733,0.17105242279789526,285.0,299,0.9531772575250836
s849c30ad,-0.6456483112917693,0.05271484840796627,146.0,169,0.863905325443787
s84f52af8,0.20967914305217158,0.19130705863497918,169.0,264,0.6401515151515151
s84fca6e9,1.4237767751843708,0.49884011719253585,61.0,92,0.6630434782608695
s853e57e8,0.5585427016606859,0.2948776026051978,277.0,304,0.9111842105263158
s8540e7ee,0.1923976646511431,0.22150289044665517,96.0,154,0.6233766233766234
s855e825a,-0.5473078419388174,0.072069168530676,198.0,272,0.7279411764705882
s8592ed44,1.5994009580270943,0.5154049083911395,264.0,264,1.0
s85c467e9,-0.014216281879650832,0.1821708922305497,269.0,279,0.96415770609319
s85c9858d,-0.44458695715930574,0.10025364269066847,193.0,230,0.8391304347826087
s85cb9b5f,0.039914943316042346,0.2025168661574108,191.0,239,0.799163179916318
s85dcb669,-0.2540233745715066,0.11542954416618913,86.0,125,0.688
s85e1ad05,1.1994578866386791,0.45209531919658175,42.0,67,0.6268656716417911
s85ffda17,-0.6242287876716217,0.061675481661560734,166.0,199,0.8341708542713567
s8602a138,-0.007859167522410542,0.1783431881094875,184.0,254,0.7244094488188977
s86c0417d,-0.13996208935956114,0.149969942975812,127.0,209,0.6076555023923444
s86f6d9fd,0.7286987849264801,0.3514597549688865,152.0,219,0.6940639269406392
s86f991c3,-0.4225122268707404,0.10551427496947345,243.0,294,0.826530612244898
s87a0c01d,0.38409581731445636,0.26955096443280285,112.0,204,0.5490196078431373
s87c0d99a,0.042552749620007,0.19540308319549488,91.0,194,0.4690721649484536
s87c441b2,-0.14769406817249076,0.16764473094609897,234.0,244,0.9590163934426229
s87f41585,-0.09744480999372954,0.15696119271579076,257.0,294,0.8741496598639455
s8868d870,-0.1767684693913662,0.13558518711156076,135.0,214,0.6308411214953271
s88ad7dea,-0.059066998427087694,0.18721318354416538,299.0,299,1.0
s8941ef24,0.02350156734345025,0.16790865650170006,90.0,214,0.4205607476635514
s89460091,-0.48831775573397995,0.09999374500649985,200.0,289,0.6920415224913494
s89baac6a,-0.5078726703342378,0.07464677277693259,282.0,289,0.9757785467128027
s89d35b85,0.08593624658399093,0.2105062117323679,262.0,299,0.8762541806020067
s89d8cb57,1.2919550917302776,0.47872899874990904,172.0,204,0.8431372549019608
s8a2e471e,1.1222992353529533,0.41337087826615077,32.0,116,0.27586206896551724
s8a3e70f,1.6352619557919232,0.44539523520299173,0.0,16,0.0
s8ab2e904,0.003389211844499438,0.18048223041952322,168.0,219,0.7671232876712328
s8ad21190,-0.4755884362119054,0.10798246930986934,194.0,218,0.8899082568807339
s8b416fb2,1.1165049079536513,0.3907419394358957,42.0,144,0.2916666666666667
s8b47bdcc,-0.5460037968916439,0.07294400892706908,202.0,254,0.7952755905511811
s8bab2682,-0.3883799439643121,0.10644866028970539,279.0,299,0.9331103678929766
s8bcfc95d,-0.5161914179163011,0.08155927937167957,5.0,30,0.16666666666666666
s8bf21d59,0.08269992292398173,0.22117707039606563,156.0,174,0.896551724137931
s8c39f80d,0.6761671009812426,0.3263188922096872,35.0,100,0.35
s8cd8831d,-0.09463288262116487,0.16704281744203137,244.0,274,0.8905109489051095
s8cfb35e5,-0.05000701485425984,0.19520558589022177,204.0,249,0.8192771084337349
s8d22fb8a,-0.17406949294662313,0.13867674085224987,279.0,299,0.9331103678929766
s8d4c84e9,-0.4650249572340539,0.10578581951120512,239.0,249,0.9598393574297188
s8d573f28,-0.21304907625764255,0.15629346339705177,37.0,110,0.33636363636363636
s8e04666d,-0.5912036453457801,0.0628977071338293,198.0,258,0.7674418604651163
s8e23a7ec,-0.08554267714036676,0.18586890531033556,102.0,164,0.6219512195121951
s8f99f847,-0.22139738817490245,0.15043971756411006,44.0,123,0.35772357723577236
s8fbd5e5e,0.4559305486624586,0.2826429858233078,119.0,239,0.497907949790795
s8ffeca05,0.3012221577288501,0.22885311101337547,221.0,269,0.8215613382899628
s9045d822,0.011168195358239959,0.20050429853981544,215.0,289,0.7439446366782007
s905bfac0,0.7555193786267405,0.3653047715979069,150.0,222,0.6756756756756757
s90bd94fd,-0.39687180870809013,0.10643094718737124,233.0,299,0.7792642140468228
s9113a9e0,1.214894490059893,0.4186862543758269,220.0,264,0.8333333333333334
s91543e75,2.4640791995884754,0.7150906792630606,0.0,58,0.0
s9156a96b,0.9941900206517338,0.38846144170031166,130.0,214,0.6074766355140186
s91687b96,-0.5317197619035987,0.08449097325505395,280.0,294,0.9523809523809523
s91762ccb,-0.26521195051220114,0.147191980873613,224.0,299,0.7491638795986622
s91820e28,-0.12295268510667344,0.15562332717322144,103.0,169,0.6094674556213018
s91c3d400,0.6531403468426331,0.27655669561373764,64.0,141,0.45390070921985815
s92010c48,1.0809812487401693,0.39541210682495914,201.0,214,0.9392523364485982
s9225af5,-0.06983439021750876,0.16481107872657408,172.0,259,0.6640926640926641
s92462351,-0.36244642505887914,0.1124171657308265,278.0,299,0.9297658862876255
s924fe75f,-0.12395412004906024,0.15712262767203608,209.0,259,0.806949806949807
s926b035a,-0.20214167686490436,0.17295996315222262,222.0,244,0.9098360655737705
s926e860a,-0.5891493054069218,0.07565295930579258,178.0,238,0.7478991596638656
s92a7dbbe,0.12890008113014062,0.19525498935353344,3.0,20,0.15
s92dad496,-0.41558291411955944,0.1104027281261293,162.0,194,0.8350515463917526
s9375291a,-0.4029507189414053,0.1055962492749336,271.0,299,0.9063545150501672
s93f556f7,-0.4616395512730897,0.10368859030259311,275.0,299,0.919732441471572
s93f717da,1.0837020736078835,0.38611124077513287,8.0,85,0.09411764705882353
s948b9036,0.3048444942942321,0.2630182673822527,168.0,259,0.6486486486486487
s94ba36bf,-0.20592817179608922,0.15044589643175496,158.0,182,0.8681318681318682
s950bbbc6,-0.23656396036051117,0.14827606311220123,305.0,309,0.9870550161812298
s954e52f8,-0.3105635643100283,0.13545104881636866,224.0,264,0.8484848484848485
s9587c879,1.4668265437772645,0.47133318048738776,272.0,299,0.9096989966555183
s958de8cc,-0.31669345530015774,0.12472520225908446,268.0,294,0.9115646258503401
s95cfced6,-0.5963395855142595,0.06891366592729252,180.0,209,0.861244019138756
s960a6995,-0.1445109493755419,0.12317906314649733,190.0,259,0.7335907335907336
s961604,1.7372460502852822,0.5554849884526558,7.0,17,0.4117647058823529
s9698ce49,1.185216308783592,0.4299406641982855,182.0,274,0.6642335766423357
s974a1cf3,-0.5523820113268144,0.06945524365462764,285.0,299,0.9531772575250836
s974f68fa,-0.3705632790711518,0.11888586210247344,168.0,284,0.5915492957746479
s97a4b67d,-0.45316244830064106,0.10497290824773475,242.0,254,0.952755905511811
s97bf5734,-0.23994759818796185,0.14323827642893963,248.0,264,0.9393939393939394
s97dc5dee,-0.16973408103089502,0.15471086095005324,190.0,234,0.811965811965812
s984ea7cb,1.081846946738156,0.3564552712146966,0.0,20,0.0
s98899bb2,0.3468952630454672,0.2588017387818719,71.0,154,0.461038961038961
s989633cc,0.9330208443480351,0.41479022150607947,9.0,60,0.15
s98f82bf3,0.2259537572645678,0.2530093246679853,3.0,10,0.3
s990f2acd,-0.22805915345189362,0.13456669448777053,269.0,284,0.9471830985915493
s9998135e,-0.04759377765754805,0.18027978688817975,154.0,239,0.6443514644351465
s99e5736a,-0.43903502177370557,0.1110730843502906,241.0,304,0.7927631578947368
s99e97439,1.879004769210719,0.5632364354413157,292.0,304,0.9605263157894737
s9a5dac69,-0.24251942475570365,0.15104121033142848,178.0,184,0.967391304347826
s9a777b2c,-0.2815570722065411,0.12588851494679482,64.0,104,0.6153846153846154
s9aa4d0a9,-0.23610686671935144,0.1337819716015121,151.0,209,0.722488038277512
s9aba1281,-0.35008687087263074,0.10863917699936586,255.0,289,0.8823529411764706
s9ad8fb4d,-0.3121525068900709,0.12456944955166102,72.0,140,0.5142857142857142
s9b16a330,1.4377922923071123,0.456897447833465,247.0,262,0.9427480916030534
s9b4027e1,-0.6969905953795742,0.05090021755482437,298.0,299,0.9966555183946488
s9b4b29a6,-0.2027333809191461,0.1294687945638485,264.0,350,0.7542857142857143
s9b977a97,0.9994658456320565,0.40681201928062305,68.0,174,0.39080459770114945
s9c1d817a,-0.17339258139090083,0.14320681716587536,197.0,252,0.7817460317460317
s9c529b1,-0.04750385732563663,0.19903676992808336,154.0,214,0.719626168224299
s9c914914,0.26706646983094046,0.22954917366637673,57.0,133,0.42857142857142855
s9cf1a686,-0.27357662444570496,0.13859950313600047,123.0,213,0.5774647887323944
s9d0091f1,-0.2003394988756366,0.15696998854835953,242.0,299,0.8093645484949833
s9d03cb46,0.13121681638248853,0.22176704686971732,82.0,209,0.3923444976076555
s9d71abb4,0.13791858605620155,0.20528813259908327,114.0,202,0.5643564356435643
s9d769094,0.20986447156913746,0.22226797610883373,118.0,210,0.5619047619047619
s9e55605,-0.14662416421056856,0.10813407324697924,6.0,20,0.3
s9e8f2e5c,-0.10853438633478604,0.1711298833477372,210.0,249,0.8433734939759037
s9e9b5d15,-0.48147483590356394,0.09392871583108084,219.0,254,0.8622047244094488
s9eace78a,-0.526037081806584,0.07948153914578014,267.0,274,0.9744525547445255
s9ecf59d8,1.4634253178423995,0.476554030355219,24.0,208,0.11538461538461539
s9f24be8b,-0.36160742007426416,0.12464508023523484,215.0,229,0.9388646288209607
s9f2aa566,-0.14830771356719535,0.16661445901582284,221.0,254,0.8700787401574803
s9f5488c7,0.09891174072042618,0.21854778935147381,163.0,180,0.9055555555555556
s9f9a6827,0.5344207782911014,0.2731612406103923,39.0,157,0.2484076433121019
s9fa4cc9,-0.20173342998966823,0.13761505816262604,267.0,289,0.9238754325259516
sa0099252,-0.2935143687105301,0.12792129660678614,350.0,471,0.7430997876857749
sa0aa7c40,-0.20319339199471834,0.1489881452928661,33.0,61,0.5409836065573771
sa0d6bbd4,-0.21180799350701904,0.13029366582068594,89.0,122,0.7295081967213115
sa105a675,-0.26074746605113264,0.13914927922623718,112.0,167,0.6706586826347305
sa138e02e,1.05733104337508,0.3749419747602986,164.0,224,0.7321428571428571
sa16373aa,-0.04608152430724384,0.1867104484141724,141.0,243,0.5802469135802469
sa1b80ac2,1.145519884434931,0.4373841181164481,258.0,531,0.4858757062146893
sa364cddd,-0.36370861240798247,0.11545438403664711,191.0,219,0.8721461187214612
sa3748858,-0.35607017883129777,0.11951697924536794,243.0,273,0.8901098901098901
sa4660048,-0.3964515235872875,0.09096029714326002,291.0,299,0.9732441471571907
sa4701ec6,-0.6429400796596405,0.05095426132548171,52.0,74,0.7027027027027027
sa48dc901,-0.45425681320865774,0.08185686414987822,35.0,72,0.4861111111111111
sa5b42f1b,0.002918260136150652,0.18168736222005896,216.0,269,0.8029739776951673
sa5c464c3,-0.07728535922702175,0.19294750561742227,143.0,239,0.5983263598326359
sa5d62d08,-0.2147555805508407,0.13763605036260848,251.0,274,0.916058394160584
sa636f0f6,0.13528502537383788,0.18424959212477432,53.0,160,0.33125
sa662c7a2,-0.1975388539797043,0.15872766394435395,97.0,139,0.697841726618705
sa680121c,0.02369523178552438,0.1961550288654426,141.0,202,0.698019801980198
sa716e1ba,0.08452155202811652,0.20157334196533513,238.0,284,0.8380281690140845
sa75cf0b8,0.02056783928318394,0.1809519377130304,62.0,134,0.4626865671641791
sa78cdc8f,1.044293359511053,0.4319392550017472,1.0,47,0.02127659574468085
sa7b8c87e,1.078349095827139,0.33164687538536897,4.0,69,0.057971014492753624
sa80c42e6,-0.3995436314739749,0.09821013721715174,253.0,254,0.9960629921259843
sa86dfdad,-0.18203715210655508,0.13877794290662201,262.0,264,0.9924242424242424
sa877db51,-0.11543833663504577,0.1777723623660219,356.0,519,0.6859344894026975
sa882b5fb,-0.44432901170589345,0.09687590136372219,134.0,198,0.6767676767676768
sa8c68e37,-0.4681365639004767,0.10014047554442067,204.0,209,0.9760765550239234
sa8eac68a,-0.11661544169875375,0.15625371593352047,216.0,254,0.8503937007874016
sa93f2311,0.911950264361067,0.3569255936372209,66.0,104,0.6346153846153846
sa99a42f2,-0.05510232208672278,0.1511853193593516,111.0,114,0.9736842105263158
sa9f0e547,0.4372178132980115,0.2615119614208731,16.0,104,0.15384615384615385
saa2630ca,0.072608881016175,0.20893251816147435,299.0,299,1.0
saad241b9,-0.15858554748939188,0.15858133344254327,155.0,204,0.7598039215686274
saae481fc,-0.10228761269188287,0.15348727156776,128.0,194,0.6597938144329897
saae91224,0.21665385697183906,0.2289468927145113,212.0,244,0.8688524590163934
saaf990f9,0.46777835639590887,0.27309565437283817,268.0,299,0.8963210702341137
saaf9e8f3,-0.3601579155142403,0.1332069815334085,191.0,231,0.8268398268398268
sab1f72b8,-0.24176105314403268,0.1293454042898966,136.0,173,0.7861271676300579
sab247ffb,-0.388623785828453,0.10875435843107616,272.0,274,0.9927007299270073
sac261ffd,0.04868249256399579,0.19659563435974833,270.0,284,0.9507042253521126
sac52a402,-0.3891753069964586,0.10139217847194373,245.0,254,0.9645669291338582
sacd3c8d2,0.16524550078169797,0.2041613329553073,116.0,171,0.6783625730994152
sad26a68e,-0.6434503012563848,0.0569853082477824,160.0,179,0.8938547486033519
sad3ab542,-0.22254139698316389,0.15398749613611573,223.0,284,0.7852112676056338
sad511a5b,-0.3446502993403843,0.11876945011861788,133.0,207,0.642512077294686
sad778757,-0.16765076882776686,0.1768784482801666,113.0,174,0.6494252873563219
sae244aca,0.1303774790079111,0.24526097326152624,92.0,164,0.5609756097560976
sae342444,0.538605024017369,0.34264905699631165,10.0,20,0.5
sae5181b5,1.1804780477288088,0.4091073238633691,258.0,289,0.8927335640138409
sae54e566,-0.2685665209486215,0.13839142300432222,273.0,299,0.9130434782608695
sae75f02e,0.6353554838951349,0.3104673398863393,58.0,114,0.5087719298245614
saf32c02b,0.31344431166966696,0.2366134407261395,133.0,197,0.6751269035532995
saf379354,-0.24435268031058874,0.0711788085186332,17.0,20,0.85
sb017d8dd,0.5023447685333603,0.304717030641267,42.0,119,0.35294117647058826
sb01b9a0c,-0.22395594455638418,0.14078275343201188,281.0,294,0.95578231292517
sb06c239c,-0.32316462683572,0.12140803165282857,279.0,289,0.9653979238754326
sb07a8316,1.1747588381913308,0.42973968294402587,271.0,274,0.9890510948905109
sb0975f8a,-0.33558291838246507,0.09353213401520805,152.0,178,0.8539325842696629
sb0ba901c,0.2122752374837646,0.2275827860995992,210.0,274,0.7664233576642335
sb0dcb730,-0.17779738966122047,0.17058572324947835,296.0,299,0.9899665551839465
sb0e84189,-0.15191279694592244,0.16949278429288447,285.0,304,0.9375
sb0f7b44a,-0.14379907762361335,0.16245638146650845,105.0,180,0.5833333333333334
sb0fde127,-0.3167670234233073,0.13821323760413062,232.0,239,0.9707112970711297
sb128e38d,-0.16496307491662113,0.15371854337367252,212.0,265,0.8
sb1306a4e,-0.4775942106110572,0.10439193523777815,3.0,20,0.15
sb1a99cae,-0.5816217687252893,0.07592249935635216,273.0,284,0.9612676056338029
sb1c1cc6b,-0.06910602479514702,0.17120112495364423,265.0,284,0.9330985915492958
sb1d1a6bd,0.21360746976129086,0.22134593547345888,16.0,71,0.22535211267605634
sb2109dd5,1.0030656692951687,0.3446480826366044,0.0,65,0.0
sb24ab499,0.12262461631034031,0.20338961660407354,226.0,341,0.6627565982404692
sb3074486,-0.16546411280958664,0.14904831046098524,247.0,259,0.9536679536679536
sb30f645,-0.1489565600461111,0.17554668957589112,74.0,198,0.37373737373737376
sb3366086,-0.17507450599571653,0.1447357492030086,250.0,269,0.929368029739777
sb3936629,0.2468399483068067,0.21861559282930657,61.0,123,0.4959349593495935
sb3c24523,0.187401422014756,0.22336354177995488,248.0,294,0.8435374149659864
sb3e6f6db,6.120003972189933,0.8170552931300196,10.0,10,1.0
sb40d9cde,-0.4826193785192426,0.10211372178435192,260.0,264,0.9848484848484849
sb43e67e5,1.2491748016176327,0.4427826857836732,221.0,279,0.7921146953405018
sb44b3ec9,0.40161065636246185,0.22790341247420712,43.0,135,0.31851851851851853
sb45af949,1.4345794853131708,0.4833667655188113,254.0,289,0.8788927335640139
sb57db6b4,0.5637645255276548,0.2851570879925946,34.0,88,0.38636363636363635
sb59d540,0.09579266324822401,0.1768493941939364,47.0,84,0.5595238095238095
sb5eda194,-0.2461482870691706,0.1335768721873404,223.0,259,0.861003861003861
sb63e2eec,0.2892030096771969,0.227522340612623,295.0,304,0.9703947368421053
sb6471473,-0.38815079513672207,0.10347914726658788,248.0,304,0.8157894736842105
sb6859cf5,0.30870194904253445,0.22128661646806397,231.0,259,0.8918918918918919
sb6a6b294,1.7650973337117253,0.5506832539100078,219.0,254,0.8622047244094488
sb6da5ca3,0.07309624405908162,0.21048059027269794,209.0,254,0.8228346456692913
sb71c1d09,0.8750751566801394,0.3564673424987161,260.0,288,0.9027777777777778
sb71ef57b,-0.035365684938453996,0.16195623980546128,188.0,238,0.7899159663865546
sb7e630fa,1.3761147658639732,0.4478674410687555,197.0,249,0.7911646586345381
sb8016bb2,-0.21853361046964154,0.13990516852462237,253.0,282,0.8971631205673759
sb878d22b,-0.16662490948140415,0.15631553706164517,292.0,304,0.9605263157894737
sb8d689d0,-0.29695712538208074,0.1368563425821611,268.0,294,0.9115646258503401
sb9577b00,-0.31605818119237633,0.12345508409839037,263.0,294,0.8945578231292517
sb957aed7,1.698609846727448,0.5863087193402873,0.0,13,0.0
sb967642e,-0.32423823370156185,0.1234526303582833,196.0,248,0.7903225806451613
sba4d7314,-0.2677478628127616,0.1106139986701794,144.0,239,0.602510460251046
sba5d97f9,-0.2945590461885837,0.13287364209582891,260.0,294,0.8843537414965986
sba916500,-0.3231516116705212,0.11155657779207037,259.0,264,0.9810606060606061
sbabdf524,1.7872999988080271,0.4874484859274899,28.0,41,0.6829268292682927
sbae4b7c0,0.4498812754683044,0.2975558546547627,104.0,229,0.45414847161572053
sbb77e3f,-0.327916671355528,0.08197751119413324,44.0,60,0.7333333333333333
sbbd99a74,0.1843914449539286,0.2216767339960398,56.0,107,0.5233644859813084
sbbdc045a,1.3020013458826223,0.4646279930453438,224.0,264,0.8484848484848485
sbc7f1233,-0.01282183869992437,0.1960032571073183,109.0,229,0.4759825327510917
sbc818326,1.1247175063251786,0.4211141706381774,102.0,199,0.5125628140703518
sbca41b67,-0.35183197024632706,0.117319245143633,91.0,159,0.5723270440251572
sbd7ce6ed,-0.3840492108704146,0.12222239248218571,301.0,304,0.9901315789473685
sbdcd0b45,1.295862799938258,0.46620927117038197,270.0,299,0.903010033444816
sbdffbb3b,-0.10258825945416518,0.14716580969578807,270.0,274,0.9854014598540146
sbe4dcca7,-0.21563416739674485,0.14757719338885694,284.0,299,0.9498327759197325
sbe54d73a,-0.09559555014123165,0.1520130909366421,288.0,304,0.9473684210526315
sbe806782,1.3967721339608736,0.4832869805542836,279.0,299,0.9331103678929766
sbeb3e790,-0.17302414619070014,0.1636199810378771,118.0,168,0.7023809523809523
sbed599f6,-0.26582674565871595,0.1260808615298478,195.0,242,0.8057851239669421
sbf6e05f1,0.5775120770600549,0.25683867346410255,195.0,229,0.851528384279476
sc016e8c0,-0.061754757601475405,0.1562495573911732,123.0,189,0.6507936507936508
sc06665ae,-0.15101254367425418,0.18218969976035887,125.0,169,0.7396449704142012
sc08fdc7c,-0.18567920231139046,0.1424910580938223,115.0,184,0.625
sc0aa7416,-0.306389851928569,0.12065923353254204,292.0,299,0.9765886287625418
sc0b06325,-0.4630915228678808,0.10346478770376796,247.0,269,0.9182156133828996
sc1222d57,0.5012689586893972,0.3234196852288557,38.0,72,0.5277777777777778
sc12668cc,-0.1925354477115434,0.16395435102971856,249.0,279,0.8924731182795699
sc18de6d9,-0.023895334290820816,0.20075073853714867,194.0,264,0.7348484848484849
sc21b4d4f,0.0950616814773028,0.1926806978634451,53.0,140,0.37857142857142856
sc2720672,-0.35371077861008304,0.1276480769853958,166.0,234,0.7094017094017094
sc2f630d0,-0.32344549886592927,0.14217942883011017,152.0,249,0.6104417670682731
sc31cb98b,1.1611632711084492,0.3244998619643307,0.0,40,0.0
sc35338da,-0.2651578884218484,0.13498540958787844,110.0,137,0.8029197080291971
sc3aeaf23,-0.05574696641272808,0.1588338745833856,247.0,258,0.9573643410852714
sc3bba922,-0.14124746996676266,0.14744846849372184,125.0,189,0.6613756613756614
sc407ffce,-0.5727000059065991,0.07280474738230129,295.0,299,0.9866220735785953
sc43ba7e7,-0.5446685855398253,0.08003112008968204,232.0,289,0.8027681660899654
sc44ae9d3,1.3481456170387938,0.4907843630057812,255.0,284,0.897887323943662
sc4951a7b,0.6102816057394869,0.31614588986406683,23.0,99,0.23232323232323232
sc4b8c085,-0.291701916298935,0.12693263383260137,226.0,279,0.8100358422939068
sc50a1821,-0.507892517059003,0.08982584280862686,234.0,249,0.9397590361445783
sc549f6a5,-0.43756808166686084,0.10455907850634454,175.0,239,0.7322175732217573
sc54d0326,1.6339020058115201,0.5343775309361456,211.0,259,0.8146718146718147
sc553f04e,-0.37561334717852335,0.11329103564181643,215.0,279,0.7706093189964157
sc56893e8,0.29003665173716175,0.236535722195965,248.0,289,0.8581314878892734
sc5e9efe2,1.0888663425736722,0.42545594807965814,240.0,294,0.8163265306122449
sc5f86348,0.3972142538661532,0.2787921656655274,287.0,294,0.9761904761904762
sc61f666e,1.2465029037042732,0.45779194374123416,207.0,239,0.8661087866108786
sc7e305e1,-0.12531454629427505,0.15261475815517217,223.0,264,0.8446969696969697
sc865d5d8,-0.28872660972701836,0.13271640991564573,156.0,254,0.6141732283464567
sc8b87e3a,-0.14047889671231717,0.1689089915234482,162.0,228,0.7105263157894737
sc91a2de5,-0.3214530961038773,0.12537580926479802,266.0,289,0.9204152249134948
sc91cf3df,-0.12538853014726625,0.15468070693770927,57.0,83,0.6867469879518072
sc957d798,-0.02996660404871776,0.1842980564045613,237.0,279,0.8494623655913979
sc9e6ecc0,0.24955287733179396,0.2063893535639741,15.0,37,0.40540540540540543
sca019037,0.3308220196344307,0.2453405361345995,108.0,184,0.5869565217391305
sca2a1574,-0.23551979923351538,0.13190986529387236,241.0,244,0.9877049180327869
sca9c67ca,0.0985966798995352,0.22178486339406114,219.0,239,0.9163179916317992
scac223db,0.03157383265441219,0.17703992202216817,267.0,284,0.9401408450704225
scadad21d,-0.45540862588727465,0.0953899845363443,260.0,289,0.8996539792387543
scb94de52,-0.07403669463306291,0.16711224071979186,154.0,238,0.6470588235294118
scc0be523,0.41072765803930367,0.2829077149899994,57.0,118,0.4830508474576271
scc1ca8fb,-0.23185065616283804,0.13865191241142197,271.0,395,0.6860759493670886
scc7e53b,0.6946876623841761,0.3398159299074583,232.0,269,0.862453531598513
sccac6c74,0.12722748122301936,0.24246134001289268,263.0,264,0.9962121212121212
sccc51f4d,0.6079035496001907,0.3031857211100616,19.0,89,0.21348314606741572
scce758b8,1.1046458135000796,0.44397394468027146,237.0,274,0.864963503649635
sccefa23f,-0.2972610355461623,0.10942242650817485,275.0,294,0.935374149659864
scd97af54,-0.2948264910529363,0.1312601081952399,287.0,299,0.959866220735786
scdb82190,1.2270056861015912,0.4231324936594065,266.0,289,0.9204152249134948
sce456453,-0.1129435042467467,0.13552887542443676,18.0,40,0.45
sce91c9ae,1.6354872989887639,0.5895759129288569,17.0,30,0.5666666666666667
sceb77828,-0.12315504222203653,0.16503742545011982,249.0,259,0.9613899613899614
scf155f49,-0.14868836670529362,0.1356815404099661,287.0,294,0.9761904761904762
scf199e7e,-0.07884300868839329,0.1822870057113716,150.0,283,0.5300353356890459
scf568a57,1.5220274359504853,0.521051904192213,6.0,40,0.15
scf98251a,0.03890649004626925,0.21947314710951718,177.0,199,0.8894472361809045
sd07085c1,0.39038638004464987,0.2859975828719062,12.0,50,0.24
sd108d39b,-0.5633212000058228,0.07788650539439686,180.0,210,0.8571428571428571
sd12f4e1,1.6946451954180057,0.5290137074271372,0.0,25,0.0
sd18e9f78,0.16220520354321386,0.21424747510798428,123.0,179,0.6871508379888268
sd2520f42,-0.47390140178550283,0.08963708996752452,272.0,299,0.9096989966555183
sd30d0fe2,-0.08034891154389867,0.17377899481502,344.0,427,0.8056206088992974
sd368b581,-0.2961612758782048,0.16351217750293856,112.0,149,0.7516778523489933
sd37baf37,0.3778156246922355,0.24429773765262977,50.0,77,0.6493506493506493
sd41ca987,1.2627217071940404,0.426048224734537,155.0,239,0.6485355648535565
sd442d330,-0.0805190205682084,0.17904377085297934,172.0,244,0.7049180327868853
sd4450123,-0.6020972972751456,0.07532882919094047,211.0,264,0.7992424242424242
sd4d9b036,-0.19228194642883095,0.144231322326079,81.0,179,0.45251396648044695
sd4fd9f65,0.10224523482171319,0.1939763924120788,39.0,102,0.38235294117647056
sd525df1c,-0.15642142599188308,0.157906855007414,243.0,289,0.8408304498269896
sd5c64ad1,-0.3407242629328061,0.11392731785018081,206.0,257,0.8015564202334631
sd5fcdfc2,0.20067712630332263,0.24677262543443293,108.0,208,0.5192307692307693
sd618dea2,-0.4069442268712894,0.09967449982084557,189.0,222,0.8513513513513513
sd797d36c,-0.30485518617816204,0.13353642300070576,194.0,247,0.7854251012145749
sd79893ac,-0.4181835952513493,0.10028340102777142,267.0,269,0.9925650557620818
sd8666a21,-0.39332102859938306,0.10851818214536482,96.0,104,0.9230769230769231
sd899ac16,0.018671692854134562,0.1821466134260676,235.0,279,0.8422939068100358
sd89a3608,-0.11814695255745754,0.17676685510242632,300.0,304,0.9868421052631579
sd8f48a64,-0.27446334258786337,0.13291956286957415,229.0,299,0.7658862876254181
sd957e66d,-0.35875241371248434,0.11328768488606256,133.0,169,0.7869822485207101
sd959a254,0.4939076867706653,0.27486087027565154,229.0,299,0.7658862876254181
sd9b74162,-0.1914768590348968,0.15337049154156362,56.0,144,0.3888888888888889
sda47bbdc,-0.006116950223491305,0.18333052613652404,141.0,195,0.7230769230769231
sda4e2c88,0.2270729446925077,0.24156987275597744,107.0,185,0.5783783783783784
sda558ffc,-0.21416457048157506,0.13232785692300253,276.0,284,0.971830985915493
sda906264,0.4453245434195004,0.2696229255842261,189.0,210,0.9
sda9ea5e9,0.01513871616445741,0.15749419581552665,263.0,283,0.9293286219081273
sdac1a64b,-0.38450993394789806,0.11538182766313312,182.0,219,0.8310502283105022
sdb4721a0,-0.16267785124579673,0.15553768408545798,260.0,289,0.8996539792387543
sdb47dec,0.9816004028815671,0.38992384339432146,150.0,256,0.5859375
sdbbf7bf6,-0.5933209986098665,0.07884267998389778,176.0,264,0.6666666666666666
sdc4b482a,-0.21665575619126465,0.15329050422599685,114.0,225,0.5066666666666667
sdc4fcb74,1.2361457806154263,0.4533698258150172,195.0,274,0.7116788321167883
sdc576533,-0.005115123609271758,0.17675271820741595,81.0,209,0.3875598086124402
sdd07532f,0.27973129682052905,0.2366424622506272,127.0,199,0.6381909547738693
sdd0c6cd3,-0.3134004294231465,0.12901770247447264,274.0,279,0.982078853046595
sdd11a315,0.22509492770808198,0.23655760262316444,27.0,163,0.1656441717791411
sdd2da6a2,-0.19949943757518016,0.13844619563181154,266.0,294,0.9047619047619048
sdd65d36b,-0.4614158411639014,0.09368781949633011,146.0,168,0.8690476190476191
sdd67ed51,-0.4491440255511974,0.09892617789654778,270.0,289,0.9342560553633218
sdda41d0a,-0.43370352603304907,0.0974529139125991,186.0,239,0.7782426778242678
sddc9f4e6,1.3009409044609108,0.457806682163279,150.0,209,0.7177033492822966
sde1342e7,-0.41189410156291234,0.11144207178319523,156.0,189,0.8253968253968254
sde310e40,-0.11945803221002131,0.1592582482565856,56.0,117,0.47863247863247865
sde4b0f67,0.761199074340655,0.3672231435657479,16.0,40,0.4
sde723bd6,0.7808123123676914,0.3213829681327256,192.0,269,0.7137546468401487
sde806ad2,-0.4240857526279765,0.1080339092936157,220.0,249,0.8835341365461847
sde88620c,1.0539309922160145,0.4210209339807834,145.0,204,0.7107843137254902
sdeb407ee,0.17085765541212664,0.22565600082310963,118.0,207,0.5700483091787439
sded3951,-0.09333547061575719,0.1605205681289505,288.0,299,0.9632107023411371
sdf5145b9,0.41313698840741014,0.26155887526450167,36.0,55,0.6545454545454545
sdf597fba,-0.20674646423295095,0.15606395838478956,33.0,88,0.375
se00dcfe5,1.7885548846359283,0.567669412154186,192.0,205,0.9365853658536586
se0a15d1a,-0.43565244211212545,0.1068639243725526,256.0,294,0.8707482993197279
se0b64d07,0.025468017187165706,0.18694855480523453,302.0,314,0.9617834394904459
se0ba944c,0.07245395013627759,0.18074282947412865,47.0,105,0.44761904761904764
se1243460,-0.7353510138848542,0.051475414220007835,250.0,264,0.946969696969697
se1422a8e,-0.4726593674685748,0.08770399843293492,258.0,274,0.9416058394160584
se160ae5d,0.1623795396044999,0.1696747630051797,27.0,72,0.375
se182119,0.46538792354751435,0.2928858041452281,150.0,249,0.6024096385542169
se1e3b46d,-0.030113047793758344,0.15720889348945324,145.0,184,0.7880434782608695
se27a3181,-0.13217463567571583,0.14854231501110016,242.0,274,0.8832116788321168
se2e239,-0.37661630073138175,0.10782271401343758,270.0,294,0.9183673469387755
se31584d9,1.2227608376271635,0.43722458537925285,280.0,299,0.9364548494983278
se32c4be8,0.3446247251128453,0.26548849298605076,81.0,122,0.6639344262295082
se3b79d3f,-0.6450216328920697,0.06767927177489026,298.0,304,0.9802631578947368
se3cfcb9c,-0.4982846386330624,0.07317488276263676,179.0,234,0.7649572649572649
se3eb0633,-0.06440420114888175,0.14550224346041069,299.0,299,1.0
se49dba2f,-0.10656651684847324,0.17451596354587412,35.0,121,0.2892561983471074
se4c3690,-0.21253244553649056,0.15928903980552203,310.0,314,0.9872611464968153
se4c64060,-0.015051252708870717,0.20530428094379466,171.0,254,0.6732283464566929
se57e64c4,0.14008077989578727,0.20700462524390473,62.0,134,0.4626865671641791
se5834790,-0.3276551008787609,0.13497113629599602,242.0,264,0.9166666666666666
se625aaa2,-0.23600513249755722,0.14713696434613505,294.0,299,0.9832775919732442
se6c595df,-0.48595693659195616,0.08553090158758343,208.0,234,0.8888888888888888
se6c71dbb,-0.500150028610027,0.10256706895656564,273.0,294,0.9285714285714286
se74e1857,-0.1308978303329205,0.1694811310881399,146.0,174,0.8390804597701149
se7883ef0,-0.21197165764400624,0.14551341742290752,122.0,234,0.5213675213675214
se7cfea9b,-0.44332210272653794,0.088754023523616,439.0,466,0.9420600858369099
se81b905,0.37133407915127364,0.280739222368164,160.0,256,0.625
se822f5ff,-0.655475769075593,0.06412515183491665,209.0,219,0.954337899543379
se8232bf0,1.0569586321382778,0.4728127999668825,177.0,209,0.84688995215311
se8b7cf3a,0.42136475038221105,0.26365634288879036,52.0,92,0.5652173913043478
se913bfcb,-0.466515196082669,0.09447043499873502,220.0,279,0.7885304659498208
se98b7719,0.0587802202076738,0.1974498239624763,252.0,284,0.8873239436619719
se9e12908,0.697005710745668,0.32003414547290615,16.0,36,0.4444444444444444
sea310247,-0.1967439237287506,0.13656245407080045,151.0,204,0.7401960784313726
sea487f2e,-0.3341895575132844,0.10536469112777314,43.0,56,0.7678571428571429
sea62829a,1.4256237394673994,0.4878750759857639,111.0,159,0.6981132075471698
seaa305dd,-0.42779686935389266,0.10580047610923676,471.0,558,0.8440860215053764
seb2c407c,-0.4201958319869972,0.11257038283800182,261.0,284,0.9190140845070423
seb53a5f2,0.18264384995810734,0.25218694420628857,160.0,237,0.6751054852320675
seb5b08de,1.6409539114377107,0.5040702739009268,241.0,269,0.895910780669145
sebc17c6e,0.0880199733102914,0.2002717086459704,261.0,299,0.8729096989966555
sec3a46ae,-0.6011602564894275,0.0525094407290985,0.0,10,0.0
sec42ec7e,-0.3459059237618535,0.11479170861658472,217.0,253,0.857707509881423
secd729e7,0.19013559737095245,0.2272807211942538,195.0,229,0.851528384279476
sed21642d,-0.3261388121029941,0.13120323756628294,210.0,278,0.7553956834532374
seda6d111,1.1388004162763166,0.3972941197351349,158.0,194,0.8144329896907216
see34afd4,-0.3416917689274013,0.11151155677019686,293.0,299,0.979933110367893
seec8a8f2,-0.6294806602718201,0.0735922227739649,271.0,284,0.954225352112676
sef395286,0.40837225859328846,0.23203526157838675,205.0,279,0.7347670250896058
sefc5fa4e,-0.4207423949561867,0.09913022865893861,264.0,299,0.882943143812709
sefcea2,0.9096797119859357,0.46045942332707035,0.0,15,0.0
sf0118345,-0.2369733375819026,0.13714512103156584,245.0,289,0.8477508650519031
sf11bde2e,-0.02245911491414747,0.18377907559292048,125.0,139,0.8992805755395683
sf1764dc4,0.09268008914126075,0.2190159817856483,251.0,289,0.8685121107266436
sf1f60f2f,0.1495045287571491,0.22713469914262613,264.0,299,0.882943143812709
sf23ff4a0,-0.22053392024328017,0.13758898020143367,75.0,149,0.5033557046979866
sf249e75d,-0.47224277266391695,0.10309807369941282,247.0,259,0.9536679536679536
sf2b9b041,0.2588249110782576,0.23583296480100327,261.0,289,0.903114186851211
sf35e604,0.43224796422637324,0.2333822747966369,166.0,207,0.8019323671497585
sf37f9852,0.09833654283578323,0.19198637033974528,98.0,205,0.47804878048780486
sf39b2f6f,-0.3411416040785688,0.12378480505069668,258.0,269,0.9591078066914498
sf3a79bae,0.2614379783890556,0.22176578365060579,55.0,134,0.41044776119402987
sf400b223,-0.3171678815017274,0.1710926211947585,0.0,10,0.0
sf4091d08,-0.20453981341635724,0.15423183393221446,173.0,223,0.7757847533632287
sf46256b6,0.6805061257823661,0.3035345852605104,41.0,118,0.3474576271186441
sf493bd98,0.6345222941736417,0.30768262911208344,68.0,185,0.3675675675675676
sf4d6dc56,-0.6378127452399914,0.06880134352844881,386.0,438,0.8812785388127854
sf4ee0f3f,0.14437799617031577,0.21849331911934783,189.0,267,0.7078651685393258
sf53a051e,-0.24226906289297065,0.1330679756950908,233.0,274,0.8503649635036497
sf599e24e,1.8676915600021888,0.5584890059245244,0.0,72,0.0
sf63019a8,-0.2593714282573908,0.13959949436710065,174.0,194,0.8969072164948454
sf63e039e,-0.1756627703438383,0.15695785994324954,240.0,299,0.802675585284281
sf6c5b799,1.50111076559148,0.5213797699370215,0.0,168,0.0
sf732bca7,-0.14797353251342885,0.14882295188712644,195.0,274,0.7116788321167883
sf75b2140,-0.1429877352225992,0.16858773924812595,143.0,209,0.6842105263157895
sf762e16f,0.021474829926063525,0.19182232481302627,31.0,111,0.27927927927927926
sf7c2a8ef,0.9157045766714702,0.3740047221565829,80.0,184,0.43478260869565216
sf80872c6,-0.11460637393594149,0.15827323986058858,202.0,259,0.7799227799227799
sf84105be,2.9588244970446578,0.4150373379437573,5.0,30,0.16666666666666666
sf8582c3,-0.05537818364416142,0.16223909521412663,290.0,299,0.9698996655518395
sf86a3b13,-0.47144016346173706,0.09892141070233774,264.0,299,0.882943143812709
sf883bdb,0.5929944485027849,0.30232769665128567,29.0,86,0.3372093023255814
sf8f6f27d,-0.2955014702216477,0.1470149944321801,161.0,249,0.6465863453815262
sf8f78262,-0.5032221942372678,0.07949440422474692,138.0,149,0.9261744966442953
sf912fdc1,-0.10372979720208987,0.16767465317573546,442.0,508,0.8700787401574803
sf9570aa4,-0.12844008860413503,0.13105164965475713,35.0,35,1.0
sf96694c0,-0.4541984652058884,0.10600077287917871,178.0,249,0.714859437751004
sf9f0c44f,-0.43628496581592385,0.0872681108193748,203.0,264,0.7689393939393939
sfa8437fc,-0.2852844924017322,0.12750445212428282,286.0,299,0.9565217391304348
sfafb2ee8,-0.2002661112366933,0.1593509324348034,152.0,188,0.8085106382978723
sfb0c547c,-0.47363536066675155,0.09758981744077445,214.0,249,0.8594377510040161
sfb298443,1.1752454171925075,0.4065600171104856,96.0,182,0.5274725274725275
sfb4a7dbc,0.4207938094482571,0.26617243553995984,153.0,242,0.6322314049586777
sfb6c6bf3,-0.01881842984358503,0.17602016386630517,290.0,299,0.9698996655518395
sfb75326f,-0.293239022018631,0.12060471473120525,81.0,135,0.6
sfbb928b7,2.1689084842053816,0.8246621621621621,0.0,10,0.0
sfbcb04ad,-0.4895487965897907,0.09718143118231024,221.0,299,0.7391304347826086
sfc9401d2,-0.45979811051675235,0.09595891451280536,221.0,224,0.9866071428571429
sfce0219,-0.3543665066768322,0.12828202336973862,213.0,232,0.9181034482758621
sfd23c3de,1.4037649553064384,0.4699079088652735,216.0,264,0.8181818181818182
sfd5568dd,-0.20800905179079338,0.14875951213197156,130.0,214,0.6074766355140186
sfd99d0c,-0.17013850546291479,0.16454747310613854,254.0,274,0.927007299270073
sfda07c93,-0.28463357983015464,0.13885085270341208,253.0,284,0.8908450704225352
sfdbeb049,0.224059884142024,0.22327259479426878,140.0,225,0.6222222222222222
sfdd9b780,-0.4575065436936421,0.10160144286531558,155.0,224,0.6919642857142857
sfe32615d,-0.4173250624031812,0.08609867080674515,262.0,289,0.9065743944636678
sfe579fbb,-0.11617799642660698,0.13687818529898685,210.0,239,0.8786610878661087
sfe734cca,-0.49417220008806173,0.09638252660433046,274.0,284,0.9647887323943662
sfead25f,0.274731147164673,0.2598493660434972,89.0,137,0.6496350364963503
sfeb87ba8,-0.022966525594848106,0.17912542553161268,105.0,174,0.603448275862069
sfeb9f2b1,-0.3465230274814175,0.11833266198378344,283.0,294,0.9625850340136054
sfefcd29e,-0.3722041647109394,0.10534901599340955,144.0,254,0.5669291338582677
sff6cfe28,-0.3067604369463061,0.11663335925378748,289.0,299,0.9665551839464883
sffae1858,-0.2664755675346441,0.12569781366374824,234.0,264,0.8863636363636364
